Adoring,
Amused,
Aching,
Angelic,
Angry,
Callous,
Cheating,
unfaithful,
Coquettish,
Deceitful,
Derisive,
Disapproving,
Disarming,
Doting,
Enticing,
Envious,
Evil,
wicked,
Flirtatious,
Forgiving,
Hateful,
Hungry,
Irritating,
Jealous,
Judgmental,
Loathsome,
Lovely,
Loving,
Lying,
Meddling,
Menacing,
Mournful,
Nasty,
Overbearing,
Piggish,
Pompous,
Rude,
Sanctimonious,
Seductive,
Snobbish,
Suggestive,
Sultry,
Supercilious,
Sweet,
Tender,
Ugly,
accepting,
adaptable,
adventurous,
affable,
affectionate,
agreeable,
aggressive,
amateurish,
ambitious,
amiable,
amicable,
amoral,
amusing,
antagonistic,
anxious,
argumentative,
arrogant,
astute,
audacious,
awesome,
awful,
awkward,
bad,
bad-tempered,
beautiful,
belligerent,
benevolent,
best,
better,
big-headed,
bizarre,
bland,
blunt,
boisterous,
bold,
bombastic,
boorish,
boring,
bossy,
brave,
brilliant,
broad-minded,
brutal,
bumbling,
businesslike,
cantankerous,
carefree,
charismatic,
childish,
clever,
clumsy,
coarse,
comfortable,
compassionate,
competent,
compliant,
conceited,
confident,
considerate,
contentious,
courageous,
cordial,
corrupt,
courteous,
cowardly,
creative,
crooked,
dishonest,
cunning,
daft,
daring,
debonair,
decisive,
degenerate,
delectable,
delicious,
dependable,
despicable,
determined,
devious,
difficult,
diligent,
dim,
diplomatic,
disciplined,
discreet,
disgusting,
doleful,
droll,
dynamic,
easygoing,
eccentric,
efficient,
egotistical,
embarrassed,
emotional,
empathetic,
energetic,
enigmatic,
enthusiastic,
envious,
erratic,
excellent,
excitable,
extraordinary,
extreme,
extroverted,
exuberant,
fair-minded,
faithful,
fallible,
fanatical,
fantastic,
far-sighted,
fearless,
fickle,
flexible,
focused,
foolish,
forceful,
forgiving,
formal,
forthright,
foul,
frank,
free-thinking,
friendly,
frugal,
fun-loving,
funny,
fussy,
gallant,
gauche,
genial,
generous,
gentle,
genuine,
glamorous,
gloomy,
good-natured,
gracious,
great,
greedy,
gregarious,
grim,
grumpy,
guileless,
gullible,
harebrained,
hardworking,
haughty,
hedonistic,
helpful,
helpless,
heroic,
high-handed,
high-spirited,
hilarious,
honest,
honorable,
hostile,
humble,
humorous,
idealistic,
impartial,
immature,
immoral,
impolite,
important,
impudent,
impulsive,
indecent,
independent,
industrious,
insensitive,
inspired,
intense,
interesting,
introspective,
introverted,
intuitive,
inventive,
irresponsible,
irreverent,
keen,
kind,
kind-hearted,
kinky,
kittenish,
knowledgeable,
knuckle-headed,
lascivious,
lazy,
lecherous,
lewd,
liberal,
libidinous,
likeable,
logical,
lovely,
luscious,
magnanimous,
mature,
maternal,
mawkish,
mean,
meddlesome,
mediocre,
meek,
mellow,
mercenary,
messy,
methodical,
meticulous,
miserable,
miserly,
mistaken,
modest,
moody,
morbid,
mouthwatering,
mystical,
naive,
narcissistic,
narrow-minded,
nasty,
naughty,
nauseating,
needy,
negative,
neglectful,
neurotic,
nice,
nihilistic,
noncommittal,
noncompetitive,
obnoxious,
obsessive,
odd,
offensive,
off-putting,
old-fashioned,
opinionated,
opportunistic,
optimistic,
orderly,
organized,
outrageous,
outspoken,
overconfident,
overwhelming,
passionate,
patient,
peculiar,
perceptive,
perky,
persevering,
persistent,
pertinent,
pessimistic,
philosophical,
plucky,
polite,
popular,
practical,
pragmatic,
pretty,
proud,
prudent,
prying,
pugnacious,
quarrelsome,
quick-tempered,
quick-witted,
quiet,
quirky,randy,
rational,
raunchy,
realistic,
rebellious,
reckless,
reflective,
reluctant,
remarkable,
repellent,
repulsive,
reserved,
resourceful,
responsible,
responsive,
restrained,
retiring,
reverential,
revolting,
romantic,
rude,
salacious,
scrummy,
self-centered,
self-confident,
self-disciplined,
selfish,
sensible,
sensitive,
sentimental,
serious,
shady,
shameful,
shocking,
short-tempered,
shy,
silly,
sincere,
smart,
smutty,
sociable,
soft,
lenient,
sophisticated,
spineless,
splendid,
stern,
stingy,
strange,
stroppy,
strict,
stupid,
suave,
straightforward,
tactless,
talented,
talkative,
tasty,
taunting,
temperamental,
tenacious,
testy,
thoughtful,
thoughtless,
tight,
timid,
tolerant,
torrid,
tough,
tractable,
transparent,
treacherous,
truculent,
trusting,
trustworthy,
unaggressive,
unambitious,
unassuming,
unattractive,
uncomfortable,
uncouth,
unctuous,
understanding,
unethical,
uninhibited,
unkind,
unpretentious,
unprincipled,
unrealistic,
unstable,
upbeat,
uptight,
urbane,
useful,
useless,
vacuous,
vain,
valorous,
valuable,
valued,
venal,
venomous,
versatile,
vindictive,
virginal,
virtuous,
virulent,
vitriolic,
vituperative,
vivacious,
visionary,
vital,
volatile,
vulgar,
vulnerable,
warm-hearted,
wasteful,
weak-willed,
weird,
whimsical,
willful,
willing,
wimpy,
windy,
winning,
wise,
wishful,
witty,
wonderful,
worse,
worst,
worthless,
worthy,
yappy,
yielding,
young-at-heart,
yummy,
zaftig,
zany,
zealous,
zesty,
zingy,
zippy,
zonked