Aaronic,
Abbasid,
abelian,
Abrahamic,
Adamic,
Addisonian,
Adlerian,
Aegean,
Aeolian,
Aeschylean,
Aesopian,
Ahmadiyya,
Aldine,
Alexandrine,
American,
Amish,
Ampèrian,
Anacreontic,
Andrean,
Antonian,
Antonine,
Apollonian,
Archimedean,
Arian,
Aristotelian,
Arminian,
Arsacid,
Arthurian,
Artinian,
Ashmolean,
Asimovian,
Athanasian,
Athenian,
Atlantean,
Augustan,
Augustinian,
bacchanal,
Bachian,
Baconian,
Bahai,
Bakerian,
Bakhtinian,
Ballardian,
Bangsian,
Barthesian,
Batesian,
Bayesian,
Beethovenian,
Benedictine,
Benthamite,
Berkeleyan,
Blairite,
Bodleian,
Bohmian,
Bolivarian,
Boolean,
Bradmanesque,
Brahmsian,
Brechtian,
Brownian,
Brunonian,
Buddhist,
Burkean,
Byronic,
Caesarean,
Calvinist,
Capetian,
Capraesque,
Carolean,
Caroline,
Carolingian,
Carrollian,
Carterian,
Cartesian,
Catilinarian,
Chandleresque,
Chaucerian,
chauvinistic,
Chekhovian,
Chestertonian,
Chomskyan,
Chopinesque,
Chretienite,
Christian,
Churchillian,
Churrigueresque,
Ciceronian,
Claudian,
Clintonian,
Columbian,
Confucianist,
Constantinian,
Coolidgean,
Copernican,
Cronenbergian,
Cromwellian,
Croonian,
Cushingoid,
Cyrillic,
daedal,
Daliesque,
Daltonian,
Dantesque,
Darwinian,
Davidic,
Deleuzian,
Dengist,
Derridean,
Dickensian,
Dickinsonian,
Diogenean,
Dionysian,
Diophantine,
Dobsonian,
Dominican,
Dostoevskian,
draconian,
Dulcinian,
dylanesque,
Edisonian,
Edwardian,
Edwardine,
Edwardsian,
Einsteinian,
Eliotic,
Elizabethan,
Emersonian,
Enochian,
epicurean,
Erasmian,
erotic,
Euclidean,
Eulerian,
Euripidean,
Eustachian,
Everettian,
Fabian,
Fallopian,
Falstaffian,
Faradic,
Fatimid,
Faulknerian,
Faustian,
Felliniesque,
Flavian,
Fordian,
Fortean,
Foucauldian,
Franciscan,
Franklinic,
Frederician,
Freirean,
Freudian,
Frostian,
Fullerian,
Fuxian,
Galilean,
Galvanic,
Gandhian,
gargantuan,
Gaullist,
Gaussian,
Genghisid,
Georgian,
Georgist,
Gilliamesque,
Gladstonian,
Godelian,
Goulstonian,
Gregorian,
Gricean,
Grundtvigian,
Hadrianic,
Handelian,
Hamiltonian,
Hamitic,
Harperite,
Harveian,
Haydnesque,
Hayekian,
Hegelian,
Henrician,
herculean,
hermaphroditic,
hermetic,
Hermitian,
Herodian,
Heronian,
Hilbertian,
Hippocratic,
Hitchcockian,
Hitlerian,
Hobbesian,
Holmesian,
Homeric,
Horatian,
Humean,
Hunterian,
Hussite,
Hutterite,
Ignatian,
Imeldific,
Irenic,
Jacksonian,
Jacobean,
Jacobian,
Jacobite,
Jagiellonian,
Japhetic,
Jeffersonian,
Johannine,
Johnsonian,
Jordanesque,
Josephite,
jovial,
Joycean,
Julian,
Jungian,
Junoesque,
Justinianic,
Juvenalian,
Kafkaesque,
Kantian,
Keatsian,
Kemalist,
Kennedyesque,
Keynesian,
Kierkegaardian,
Kirbyesque,
Kubrickian,
Lacanian,
Lagrangian,
Lamarckian,
Laplacian,
Levitical,
Leibnizian,
Leninist,
Lilian,
Linnaean,
Lincolnesque,
Lisztian,
Lockean,
Lorentzian,
Lovecraftian,
Lucan,
Lucasian,
Luddite,
Lullian,
Lumleian,
Lutheran,
Lynchian,
macadamized,
Maccabean,
MacGyverian,
Machiavellian,
MacIntyrean,
Madisonian,
Magellanic,
Mahlerian,
Malpighian,
Malthusian,
Manichaean,
manueline,
Maoist,
Marcan,
Marian,
Marivaudian,
Markovian,
Marlenesque,
Marlovian,
martial,
Martinite,
Marxist,
Maslowian,
masochistic,
Matthean,
maudlin,
Maxwellian,
mazarine,
McCarthyist,
Melchizedek,
Mendelian,
Mendelssohnian,
Menippean,
Mennonite,
mercurial,
Merovingian,
Metonic,
Millian,
Miltonic,
Minkowskian,
Mithridatic,
Mohammedan,
Mosaic,
Mozartean,
Napierian,
Napoleonic,
narcissistic,
Nehruvian,
Neronian,
Nervan,
Nestorian,
Newtonian,
Nietzschean,
Nixonian,
Noachian,
Noetherian,
Norquistian,
Odinic,
Odyssean,
Oedipal,
ohmic,
onanistic,
Orbanist,
Orphic,
Orwellian,
Osirian,
Ottoman,
Ottonian,
Ovidian,
Oxfordian,
Palinian,
Palladian,
Panglossian,
Paracelsian,
parkinsonian,
pasteurized,
Pauline,
Pavlovian,
Pecksniffian,
Pelagian,
Pepysian,
Periclean,
Petrine,
Piagetian,
Pickwickian,
Pigouvian,
Pinteresque,
Platonic,
Plinian,
Plutarchian,
plutonic,
Pollyannish,
Pombaline,
Popperian,
Procrustean,
Promethean,
protean,
Proustian,
Ptolemaic,
Putinist,
Pyrrhic,
Pyrrhonian,
Pythagorean,
Pythonic,
Pythonesque,
Quirinal,
quixotic,
Rabelaisian,
Rachmaninovian,
Randian,
Raphaelesque,
Rastafarian,
Reaganesque,
Reithian,
Ricardian,
Richardsonian,
Riemannian,
ritzy,
Rockwellian,
Rogerian,
Rothbardian,
Rousseauian,
Rubenesque,
Rumsfeldian,
Ruthian,
sadistic,
Sambergian,
Samsonian,
Sapphic,
Sartrean,
Sasanian,
satanic,
Saturnine,
Schenkerian,
Schubertian,
Seleucid,
Semitic,
Senecan,
Servian,
Severan,
Shakespearean,
Shavian,
Sistine,
Sisyphean,
Skinnerian,
Smithsonian,
Socinian,
Socratic,
Solomonic,
Solonian,
Sophoclean,
Spencerian,
Spenserian,
Spielbergian,
Spinozist,
Stalinist,
stentorian,
Swiftian,
sybaritic,
tantalizing,
Tennysonian,
terpsichorean,
Thatcherite,
Theodosian,
thespian,
Thomist,
Thomsonian,
Thoreauvian,
thrasonical,
Titchy,
Titian,
Timurid,
Tironian,
Titanic,
Tolkienism,
Tolstoyan,
Torricellian,
Trotskyist,
Trudeauvian,
Trumpian,
Tychonic,
Umayyad,
Vattelian,
Vesalian,
Vestal,
Victorian,
Virgilian,
Vitruvian,
Voltaic,
Voltairean,
Vonnegutian,
Vygotskian,
Wagnerian,
Waldensian,
Wardian,
Washingtonian,
Wesleyan,
Wavian,
Whedonesque,
Whitlamesque,
Wildean,
Williamite,
Wilsonian,
Wolffian,
Woodwardian,
Wordsworthean,
Wronskian,
Zoroastrian,
Zwinglian